valid_accuracy_mean,valid_accuracy_std,test_accuracy_mean,test_accuracy_std,fit_time_sec_mean,fit_time_sec_std
88.69959946595462,0.3074357909666063,89.07343124165553,0.24843158023205386,0.32666354179382323,0.5222570792929595
