valid_accuracy_mean,valid_accuracy_std,test_accuracy_mean,test_accuracy_std,fit_time_sec_mean,fit_time_sec_std
82.35514018691589,1.6236560951761458,83.18291054739653,1.843609476582918,0.23728032112121583,0.4035434119023564
