valid_accuracy_mean,valid_accuracy_std,test_accuracy_mean,test_accuracy_std,fit_time_sec_mean,fit_time_sec_std
79.03999999999999,0.3200000000000003,80.89999999999999,0.2366431913239811,0.08567271232604981,0.170277554071577
